{
    "epochs": [
        0,
        1,
        2,
        3,
        4,
        5,
        6,
        7,
        8,
        9,
        10,
        11,
        12,
        13,
        14,
        15,
        16,
        17,
        18
    ],
    "errors": [
        9,
        1.8354080697051958,
        -0.3300326976078314,
        -0.28306247011549635,
        -0.22136744330674546,
        -0.16575443417808944,
        -0.12129077902914884,
        -0.08760599099919814,
        -0.06278945901789165,
        -0.04479028106494108,
        -0.03185564598882856,
        -0.022612901983248,
        -0.01603174651575287,
        -0.011356459215346185,
        -0.008040096293978088,
        -0.005690021583749191,
        -0.004025808653861332,
        -0.002847830496660056,
        -0.0020142851375238996
    ],
    "weights": [
        [
            0.31,
            0.62,
            0.19,
            0.4,
            0.82
        ],
        [
            -5.563305823056625,
            3.5477905334566255,
            2.6216915924467057,
            2.1858783866568046,
            2.081333664383238
        ],
        [
            -4.507201190711565,
            5.177314338038615,
            3.159456999417483,
            1.8712894877510728,
            1.2847379840812647
        ],
        [
            -3.601401286341976,
            6.1535350556227915,
            3.4408717361941568,
            1.7951034909999812,
            1.0090884308410946
        ],
        [
            -2.8930254677603906,
            6.764002516988859,
            3.6100414895719983,
            1.804875940755673,
            0.9280545849230796
        ],
        [
            -2.362611278390505,
            7.158888035236076,
            3.722266307576744,
            1.839650921428263,
            0.9165834573684117
        ],
        [
            -1.9744807854972288,
            7.4209259648012385,
            3.800809455142742,
            1.8765430384124888,
            0.9272407561463027
        ],
        [
            -1.6941416142997947,
            7.598082998288155,
            3.8570526006445602,
            1.9081160655496958,
            0.9426067212177934
        ],
        [
            -1.4932153454425412,
            7.719464407064912,
            3.897602858285232,
            1.932915542883738,
            0.9568018463235771
        ],
        [
            -1.3498864460347297,
            7.803419202190619,
            3.926831486720558,
            1.9515800429553203,
            0.9682828220987729
        ],
        [
            -1.2479483788704782,
            7.8618734914816715,
            3.9478406124417207,
            1.9652987212048825,
            0.9770387960012479
        ],
        [
            -1.1755870925240846,
            7.902761903040061,
            3.962891599068203,
            1.9752423883524253,
            0.9835170170152261
        ],
        [
            -1.1242855036736754,
            7.931455875555275,
            3.9736413989500896,
            1.9823882589911215,
            0.9882289628298387
        ],
        [
            -1.0879448341845679,
            7.951637873144743,
            3.9812998904082537,
            1.987495719060101,
            0.9916216832023339
        ],
        [
            -1.0622165260438379,
            7.965855438528255,
            3.986745287511503,
            1.9911334261855185,
            0.994049321730885
        ],
        [
            -1.0440084569758403,
            7.975882365407839,
            3.990611316472145,
            1.9937183298798906,
            0.9957795312642865
        ],
        [
            -1.031125869283484,
            7.982959347404141,
            3.9933529918619266,
            1.9955522853898051,
            0.9970095060606433
        ],
        [
            -1.0220128116941718,
            7.987956991761016,
            3.995295715234804,
            1.9968520928425337,
            0.9978823884674743
        ],
        [
            -1.015567099254095,
            7.991487597045046,
            3.9966714885496435,
            1.9977726686347284,
            0.9985011465164875
        ]
    ]
}