{
    "epochs": [
        0,
        1,
        2,
        3,
        4,
        5,
        6
    ],
    "errors": [
        7,
        1.1096123096000001,
        0.6877909546070665,
        0.5537154906275792,
        0.392633417597887,
        0.23807473751415986,
        0.154913320056847
    ],
    "weights": [
        [
            0.16,
            0.1,
            0.13
        ],
        [
            -1.958888,
            0.2874880000000002,
            0.18914799999999987
        ],
        [
            -2.0651704256,
            0.6133027456000001,
            0.28258893760000015
        ],
        [
            -1.9386350674227197,
            0.8956161526067199,
            0.45736892787711964
        ],
        [
            -1.731813868262642,
            1.1296757052845423,
            0.5493527107698755
        ],
        [
            -1.595072125580353,
            1.3118471318751568,
            0.6595622133708172
        ],
        [
            -1.4588304371932028,
            1.4583328398462916,
            0.7206581129934874
        ]
    ]
}