{
  "epochs": [0, 1, 2, 3, 4, 5],
  "errors": [
    4, 4.6942, 1.0213350399999999, 0.35956362444799994, 0.21970251852021716,
    0.1732784276773216
  ],
  "weights": [
    [1.0, 0.68, 0.54],
    [-2.75536, 2.18336, 2.08176],
    [-3.572428032, 2.408709632, 2.155987712],
    [-3.8600789315584003, 2.4136321654784, 2.0108974239744],
    [-4.035840946374575, 2.381202080450478, 1.855055864478433],
    [-4.174463688516433, 2.3437387361828685, 1.719472618542109]
  ]
}
