{
  "epochs": [0, 1, 2, 3, 4, 5, 6, 7, 8, 9, 10, 11, 12, 13, 14],
  "errors": [
    7, 5.951892863054415, 4.410196186604706, 2.012720572813291,
    0.9874256663532198, 0.4951327099943027, 0.2494288414619044,
    0.12560109261392116, 0.06315128153639497, 0.031705200534582,
    0.0158990158518491, 0.007965889683015185, 0.003988681591501455,
    0.001996340609160199, 0.0009988650685899484
  ],
  "weights": [
    [0.1, 0.33, 0.71, 0.61, 0.81],
    [
      -5.499707785850717, 3.391626761850716, 2.8298208147659154,
      2.235329786236764, 2.043514851295887
    ],
    [
      -4.469421920208047, 5.095712758629672, 3.2544996349681323,
      1.8985985078713206, 1.2817671783228286
    ],
    [
      -3.580136388532692, 6.111493434278634, 3.484992220511122,
      1.8099697126786054, 1.0134082439989471
    ],
    [
      -2.8814025920463355, 6.742570903277889, 3.6308245608126697,
      1.8128565910987409, 0.9323453527643646
    ],
    [
      -2.3563568314515635, 7.148056696953179, 3.7321833181409123,
      1.8438846871006422, 0.9195184663537022
    ],
    [
      -1.971136757721014, 7.415494335667919, 3.8055959304998423,
      1.8787683325315856, 0.9290046435796393
    ],
    [
      -1.6923525637314953, 7.595380624436925, 3.8593868023301625,
      1.9092779807559992, 0.9436020287454173
    ],
    [
      -1.492251735057151, 7.718132025797849, 3.8987522695077925,
      1.9335198229827306, 0.9573441466544772
    ],
    [
      -1.3493609542907825, 7.802769803903595, 3.9274029575863594,
      1.9518939126057477, 0.9685723716135163
    ],
    [
      -1.24765669444501, 7.861561975471885, 3.9481276478210563,
      1.9654620062857542, 0.9771916759762943
    ],
    [
      -1.1754215259993863, 7.9026159548138555, 3.9630374283905336,
      1.9753277360943489, 0.9835973547018748
    ],
    [
      -1.124189052142078, 7.931390018353427, 3.9737164906472624,
      1.9824332386014296, 0.9882712002558031
    ],
    [
      -1.0878870486184076, 7.951610042799623, 3.9813391878274307,
      1.9875197145266075, 0.9916440062279305
    ],
    [
      -1.0621809129234792, 7.965845151949924, 3.9867662581226644,
      1.9911464394488736, 0.9940612375550598
    ]
  ]
}
