{
    "epochs": [
        0,
        1,
        2,
        3,
        4,
        5,
        6,
        7,
        8,
        9,
        10
    ],
    "errors": [
        2,
        4.756973125,
        1.5765983703671875,
        0.5956362514242338,
        0.2852631649902847,
        0.18015626366813886,
        0.13860340060010845,
        0.11737200335392939,
        0.10320606328758153,
        0.09198119341746991,
        0.08236094604248456
    ],
    "weights": [
        [
            0.19,
            0.66,
            0.1
        ],
        [
            -2.664183875,
            1.938958875,
            1.432467625
        ],
        [
            -3.6101428972203125,
            2.3015990662828125,
            1.7560234656109375
        ],
        [
            -3.967524648074853,
            2.38669899095763,
            1.7825302195009518
        ],
        [
            -4.138682547069024,
            2.3887245127177152,
            1.7273202181463356
        ],
        [
            -4.246776305269908,
            2.366900710452203,
            1.6548150514455426
        ],
        [
            -4.329938345629973,
            2.339265433241499,
            1.5836646875900258
        ],
        [
            -4.400361547642331,
            2.311296229304678,
            1.5187180691699769
        ],
        [
            -4.4622851856148795,
            2.28462790712347,
            1.4607333998539902
        ],
        [
            -4.517473901665363,
            2.2597107721601795,
            1.4093177353095223
        ],
        [
            -4.566890469290853,
            2.2366240077942368,
            1.3638085890573637
        ]
    ]
}