{
    "epochs": [
        0,
        1,
        2,
        3,
        4,
        5,
        6,
        7,
        8,
        9,
        10,
        11,
        12,
        13,
        14,
        15,
        16,
        17,
        18,
        19,
        20,
        21,
        22,
        23,
        24,
        25,
        26,
        27,
        28,
        29,
        30,
        31,
        32
    ],
    "errors": [
        7,
        2.1598800000000002,
        0.33627465600000006,
        0.027234896947200105,
        -0.02198745116123113,
        -0.027012453065756725,
        -0.02485544135888862,
        -0.021835274444392927,
        -0.01899750349319712,
        -0.016484443900361245,
        -0.0142864250828042,
        -0.012370894919247477,
        -0.010704496136233033,
        -0.00925668760836068,
        -0.008000159369266513,
        -0.006910680001350034,
        -0.005966842311386666,
        -0.005149795792437961,
        -0.004442986594978604,
        -0.003831911960696488,
        -0.003303892180082646,
        -0.0028478613857239043,
        -0.002454177444256911,
        -0.002114450526974343,
        -0.0018213894991587765,
        -0.0015686650007752934,
        -0.0013507879469122352,
        -0.0011630021190127127,
        -0.001001189520584811,
        -0.0008617872138672045,
        -0.0007417144222698902,
        -0.0006383087667850007,
        -0.0005492705954376342
    ],
    "weights": [
        [
            0.83,
            0.23,
            0.37
        ],
        [
            -0.897904,
            1.173104,
            1.168864
        ],
        [
            -1.1669237248,
            1.4391419648,
            1.2322624768
        ],
        [
            -1.18871164235776,
            1.56747491864576,
            1.1873392699801597
        ],
        [
            -1.171121681428775,
            1.6552890029616005,
            1.1376481406744656
        ],
        [
            -1.1495117189761697,
            1.7228124739582473,
            1.09771796469584
        ],
        [
            -1.1296273658890588,
            1.7762959326417256,
            1.0675272316367286
        ],
        [
            -1.1121591463335443,
            1.818999011133618,
            1.0451348853557014
        ],
        [
            -1.0969611435389865,
            1.8532052780902766,
            1.0287194893710419
        ],
        [
            -1.0837735884186976,
            1.880667632518231,
            1.0168274653747542
        ],
        [
            -1.0723444483524545,
            1.9027624773576697,
            1.0083364901985
        ],
        [
            -1.0624477324170565,
            1.9205770608688553,
            1.002387789186301
        ],
        [
            -1.05388413550807,
            1.9349722054672693,
            0.9983269491164279
        ],
        [
            -1.0464787854213815,
            1.9466305339867715,
            0.9956569586051831
        ],
        [
            -1.0400786579259684,
            1.9560941609640923,
            0.9940017011811301
        ],
        [
            -1.0345501139248885,
            1.9637942740525869,
            0.993077721125341
        ],
        [
            -1.0297766400757793,
            1.9700743854415057,
            0.9926724306090988
        ],
        [
            -1.025656803441829,
            1.9752086253566556,
            0.9926273117839414
        ],
        [
            -1.0221024141658461,
            1.9794161476765195,
            0.9928249866368518
        ],
        [
            -1.019036884597289,
            1.9828724845350374,
            0.993179278984522
        ],
        [
            -1.016393770853223,
            1.9857185050428996,
            0.9936275891359932
        ],
        [
            -1.014115481744644,
            1.9880674912686795,
            0.9941250543104115
        ],
        [
            -1.0121521397892383,
            1.990010733603428,
            0.9946400864485686
        ],
        [
            -1.0104605793676589,
            1.9916219607956882,
            0.9951509711406021
        ],
        [
            -1.0090034677683317,
            1.9929608519968387,
            0.9956432828873808
        ],
        [
            -1.0077485357677114,
            1.994075824970294,
            0.9961079273986458
        ],
        [
            -1.0066679054101815,
            1.9950062529688692,
            0.9965396646710384
        ],
        [
            -1.0057375037149714,
            1.9957842301555322,
            0.9969359999573
        ],
        [
            -1.0049365520985036,
            1.996435979867914,
            0.9972963555921571
        ],
        [
            -1.0042471223274099,
            1.996982979970713,
            0.997621456659269
        ],
        [
            -1.0036537507895942,
            1.9974428638026187,
            0.9979128789726155
        ],
        [
            -1.0031431037761664,
            1.997830142867968,
            0.9981727198197935
        ],
        [
            -1.0027036872998163,
            1.9981567877149964,
            0.9984033611628278
        ]
    ]
}