{
    "weights": [
        -4.566890469290853,
        2.2366240077942368,
        1.3638085890573637
    ],
    "theta": -1.0
}