{
    "weights": [
        -4.174463688516433,
        2.3437387361828685,
        1.719472618542109
    ],
    "theta": -1.0
}