{
    "weights": [
        -1.0027036872998163,
        1.9981567877149964,
        0.9984033611628278
    ],
    "theta": -1.0
}