{
    "weights": [
        -1.4588304371932028,
        1.4583328398462916,
        0.7206581129934874
    ],
    "theta": -1.0
}