{
    "weights": [
        -1.015567099254095,
        7.991487597045046,
        3.9966714885496435,
        1.9977726686347284,
        0.9985011465164875
    ],
    "theta": -1.0
}