{
    "weights": [
        -1.0621809129234792,
        7.965845151949924,
        3.9867662581226644,
        1.9911464394488736,
        0.9940612375550598
    ],
    "theta": -1.0
}